,중분류,소분류,도서명,판매지수,가격,출판일,링크
0,프로그래밍 언어,파이썬,Do it! 점프 투 파이썬,"131,739","16,920",2019년 06월,http://www.yes24.com//Product/Goods/74419916?OzSrank=1
1,프로그래밍 언어,파이썬,두근두근 파이썬,"48,993","24,000",2017년 01월,http://www.yes24.com//Product/Goods/35279965?OzSrank=2
2,프로그래밍 언어,파이썬,파이썬 for Beginner,"43,710","23,000",2020년 01월,http://www.yes24.com//Product/Goods/83849188?OzSrank=3
3,프로그래밍 언어,파이썬,혼자 공부하는 파이썬,"103,662","16,200",2019년 06월,http://www.yes24.com//Product/Goods/74269975?OzSrank=4
4,컴퓨터 공학,컴퓨터 교육,파이썬으로 배우는 컴퓨팅 사고,"18,936","17,000",2020년 02월,http://www.yes24.com//Product/Goods/70749127?OzSrank=5
5,OS/데이터베이스,클라우드/빅데이터,혼자 공부하는 머신러닝+딥러닝,"36,495","23,400",2020년 12월,http://www.yes24.com//Product/Goods/96024871?OzSrank=6
6,프로그래밍 언어,파이썬,어서와 파이썬은 처음이지!,"14,874","29,000",2016년 08월,http://www.yes24.com//Product/Goods/30575427?OzSrank=7
7,OS/데이터베이스,클라우드/빅데이터,밑바닥부터 시작하는 딥러닝 ,"42,975","21,600",2017년 01월,http://www.yes24.com//Product/Goods/34970929?OzSrank=8
8,프로그래밍 언어,파이썬,이것이 취업을 위한 코딩 테스트다 with 파이썬 ,"45,744","30,600",2020년 08월,http://www.yes24.com//Product/Goods/91433923?OzSrank=9
9,OS/데이터베이스,클라우드/빅데이터,파이썬 증권 데이터 분석 ,"37,950","28,800",2020년 07월,http://www.yes24.com//Product/Goods/90578506?OzSrank=10
10,프로그래밍 언어,파이썬,따라하며 배우는 파이썬과 데이터 과학,"6,819","26,000",2020년 12월,http://www.yes24.com//Product/Goods/96555988?OzSrank=11
11,프로그래밍 언어,파이썬,시간순삭 파이썬,"8,700","19,800",2020년 08월,http://www.yes24.com//Product/Goods/92087970?OzSrank=12
12,프로그래밍 언어,파이썬,파워 유저를 위한 파이썬 EXPRESS,"6,846","30,000",2020년 11월,http://www.yes24.com//Product/Goods/95784557?OzSrank=13
13,컴퓨터 입문/활용,어른을 위한 컴퓨터,난생처음 컴퓨팅 사고 with 파이썬,"6,498","23,000",2021년 01월,http://www.yes24.com//Product/Goods/96547422?OzSrank=14
14,프로그래밍 언어,파이썬,Do it! 자료구조와 함께 배우는 알고리즘 입문 : 파이썬 편,"17,577","19,800",2020년 07월,http://www.yes24.com//Product/Goods/91219874?OzSrank=15
15,OS/데이터베이스,클라우드/빅데이터,파이썬 머신러닝 완벽 가이드,"28,023","34,200",2020년 02월,http://www.yes24.com//Product/Goods/87044746?OzSrank=16
16,OS/데이터베이스,클라우드/빅데이터,핸즈온 머신러닝,"47,772","49,500",2020년 05월,http://www.yes24.com//Product/Goods/89959711?OzSrank=17
17,컴퓨터 입문/활용,어른을 위한 컴퓨터,Do it! 파이썬 생활 프로그래밍,"20,901","18,000",2020년 07월,http://www.yes24.com//Product/Goods/91437485?OzSrank=18
18,프로그래밍 언어,파이썬,Do it! 점프 투 파이썬 + Do it! 자료구조와 함께 배우는 알고리즘 입문 : 파이썬 편 + Do it! 파이썬 생활 프로그래밍,0,"54,720",0001년 01월,http://www.yes24.com//Product/Goods/91446242?OzSrank=19
19,프로그래밍 언어,파이썬,Do it! 점프 투 파이썬 + Do it! 파이썬 생활 프로그래밍,0,"34,920",0001년 01월,http://www.yes24.com//Product/Goods/91446225?OzSrank=20
20,프로그래밍 언어,파이썬,데이터 과학을 위한 파이썬 프로그래밍,"9,090","25,000",2019년 01월,http://www.yes24.com//Product/Goods/67738002?OzSrank=21
21,OS/데이터베이스,클라우드/빅데이터,데이터 과학 기반의 파이썬 빅데이터 분석,"4,602","28,000",2020년 12월,http://www.yes24.com//Product/Goods/96652194?OzSrank=22
22,프로그래밍 언어,파이썬,으뜸 파이썬,"8,427","32,000",2020년 02월,http://www.yes24.com//Product/Goods/89140722?OzSrank=23
23,프로그래밍 언어,파이썬,파이선으로 쉽게 배우는 프로그래밍 입문,"6,852","21,000",2017년 12월,http://www.yes24.com//Product/Goods/57764788?OzSrank=24
24,컴퓨터 입문/활용,어른을 위한 컴퓨터,컴퓨팅 사고를 위한 파이썬,"6,432","27,550",2019년 02월,http://www.yes24.com//Product/Goods/70140586?OzSrank=25
25,프로그래밍 언어,파이썬,파이썬 알고리즘 인터뷰,"26,235","34,200",2020년 07월,http://www.yes24.com//Product/Goods/91084402?OzSrank=26
26,컴퓨터 공학,컴퓨터 교육,혼자 공부하는 첫 프로그래밍 with 파이썬 ,"12,822","15,300",2020년 06월,http://www.yes24.com//Product/Goods/90617738?OzSrank=27
27,OS/데이터베이스,클라우드/빅데이터,모두의 데이터 분석 with 파이썬,"21,957","16,200",2019년 04월,http://www.yes24.com//Product/Goods/72227684?OzSrank=28
28,컴퓨터 입문/활용,어린이 컴퓨터,모두의 파이썬,"16,491","10,800",2018년 10월,http://www.yes24.com//Product/Goods/66531799?OzSrank=29
29,자연과학 계열,수학,미적분과 벡터해석 기초 ,"5,394","15,000",2020년 03월,http://www.yes24.com//Product/Goods/89325687?OzSrank=30
30,프로그래밍 언어,파이썬,창의적 문제 해결을 위한 파이썬 프로그래밍,"6,264","23,000",2020년 02월,http://www.yes24.com//Product/Goods/88319103?OzSrank=31
31,OS/데이터베이스,클라우드/빅데이터,파이썬 라이브러리를 활용한 머신러닝,"8,802","28,800",2019년 03월,http://www.yes24.com//Product/Goods/70969329?OzSrank=32
32,컴퓨터 공학,컴퓨터 교육,6개월 치 업무를 하루 만에 끝내는 업무 자동화,"7,692","25,200",2020년 12월,http://www.yes24.com//Product/Goods/96360166?OzSrank=33
33,프로그래밍 언어,파이썬,파이썬 코딩 도장,"10,485","22,500",2018년 11월,http://www.yes24.com//Product/Goods/66758183?OzSrank=34
34,프로그래밍 언어,파이썬,파이썬과 함께하는 자료구조의 이해,"4,185","25,000",2018년 01월,http://www.yes24.com//Product/Goods/57949931?OzSrank=35
35,프로그래밍 언어,파이썬,파이썬으로 만드는 인공지능,"3,252","31,000",2021년 01월,http://www.yes24.com//Product/Goods/96969993?OzSrank=36
36,공학계열,컴퓨터공학,파이썬 ,"5,478","22,000",2016년 07월,http://www.yes24.com//Product/Goods/30075248?OzSrank=37
37,프로그래밍 언어,파이썬,파이썬 연습,"3,168","26,000",2020년 02월,http://www.yes24.com//Product/Goods/89510536?OzSrank=38
38,프로그래밍 언어,파이썬,파이썬으로 쉽게 풀어쓴 자료구조,"4,566","27,000",2020년 02월,http://www.yes24.com//Product/Goods/89141599?OzSrank=39
39,프로그래밍 언어,파이썬,파이썬을 이용한 공학 프로그래밍,0,"22,500",2020년 03월,http://www.yes24.com//Product/Goods/97947948?OzSrank=40
40,OS/데이터베이스,클라우드/빅데이터,파이썬으로 배우는 포트폴리오,0,"23,400",2021년 03월,http://www.yes24.com//Product/Goods/97928496?OzSrank=41
41,프로그래밍 언어,파이썬,파이썬과 OpenCV로 실습하며 배우는 영상처리,60,"23,000",2021년 03월,http://www.yes24.com//Product/Goods/97913442?OzSrank=42
42,OS/데이터베이스,클라우드/빅데이터,파이썬 라이브러리를 활용한 데이터 분석,"13,092","31,500",2019년 05월,http://www.yes24.com//Product/Goods/73268296?OzSrank=43
43,프로그래밍 언어,파이썬,컴퓨팅 사고와 함께하는 파이썬 기초부터 인공지능 응용까지,"4,200","24,000",2019년 12월,http://www.yes24.com//Product/Goods/86544334?OzSrank=44
44,프로그래밍 언어,파이썬,선형대수와 통계학으로 배우는 머신러닝 with 파이썬,"5,199","33,750",2021년 01월,http://www.yes24.com//Product/Goods/97032765?OzSrank=45
45,프로그래밍 언어,파이썬,파이썬으로 배우는 누구나 코딩,"3,762","25,000",2019년 08월,http://www.yes24.com//Product/Goods/78495227?OzSrank=46
46,컴퓨터 공학,컴퓨터 교육,Do it! 첫 파이썬,"13,668","12,600",2020년 04월,http://www.yes24.com//Product/Goods/89904189?OzSrank=47
47,프로그래밍 언어,파이썬,Do it! 점프 투 파이썬 + Do it! 첫 파이썬 ,0,"29,520",0001년 01월,http://www.yes24.com//Product/Goods/91446188?OzSrank=48
48,프로그래밍 언어,파이썬,인공지능,"7,164","30,000",2020년 02월,http://www.yes24.com//Product/Goods/87663844?OzSrank=49
49,컴퓨터 공학,컴퓨터 교육,데이터 과학을 위한 기초수학 with 파이썬,"2,676","24,700",2021년 01월,http://www.yes24.com//Product/Goods/96193172?OzSrank=50
50,프로그래밍 언어,파이썬,창의적 프로그래밍을 위한 파이썬,"4,134","23,000",2016년 08월,http://www.yes24.com//Product/Goods/30963475?OzSrank=51
51,OS/데이터베이스,클라우드/빅데이터,파이썬으로 배우는 머신러닝의 교과서,"3,684","26,100",0001년 01월,http://www.yes24.com//Product/Goods/79672557?OzSrank=52
52,프로그래밍 언어,파이썬,Do it! 점프 투 파이썬 + 딥러닝 입문,0,"34,740",2017년 08월,http://www.yes24.com//Product/Goods/46176430?OzSrank=53
53,컴퓨터 공학,소프트웨어 공학,문제해결과 컴퓨팅 사고를 위한 파이썬,"3,600","12,000",2020년 02월,http://www.yes24.com//Product/Goods/88240939?OzSrank=54
54,컴퓨터 공학,컴퓨터 교육,컴퓨팅 사고력 프로그래밍 파이썬 PYTHON,"2,094","22,000",2021년 01월,http://www.yes24.com//Product/Goods/97142842?OzSrank=55
55,프로그래밍 언어,파이썬,파이썬 자료구조와 알고리즘 for Beginner,"1,938","27,000",2020년 04월,http://www.yes24.com//Product/Goods/89999978?OzSrank=56
56,프로그래밍 언어,파이썬,파이썬과 케라스를 이용한 딥러닝/강화학습 주식투자,"9,192","25,200",2021년 02월,http://www.yes24.com//Product/Goods/97584878?OzSrank=57
57,프로그래밍 언어,파이썬,창의적 컴퓨팅,"3,258","16,000",2019년 06월,http://www.yes24.com//Product/Goods/74258258?OzSrank=58
58,OS/데이터베이스,클라우드/빅데이터,파이썬 머신러닝 판다스 데이터 분석,"9,786","22,500",2021년 01월,http://www.yes24.com//Product/Goods/96541859?OzSrank=59
59,웹사이트,블로그/홈페이지 만들기,Do it! 장고+부트스트랩 파이썬 웹 개발의 정석,"3,216","28,800",2020년 12월,http://www.yes24.com//Product/Goods/96546953?OzSrank=60
60,프로그래밍 언어,파이썬,프로그래밍의 정석 : 파이썬,"1,986","25,200",2018년 11월,http://www.yes24.com//Product/Goods/66317993?OzSrank=61
61,프로그래밍 언어,파이썬,Introduction to 파이썬,"1,866","22,500",2021년 03월,http://www.yes24.com//Product/Goods/97059137?OzSrank=62
62,OS/데이터베이스,클라우드/빅데이터,파이썬으로 경험하는 빅데이터 분석과 머신러닝,"1,638","27,000",2021년 02월,http://www.yes24.com//Product/Goods/97548788?OzSrank=63
63,프로그래밍 언어,파이썬,밑바닥부터 시작하는 딥러닝 3,"12,678","34,200",2020년 11월,http://www.yes24.com//Product/Goods/95343845?OzSrank=64
64,프로그래밍 언어,파이썬,윤성우의 열혈 파이썬 기초편,"5,946","14,400",2018년 11월,http://www.yes24.com//Product/Goods/67025877?OzSrank=65
65,오피스 활용,MS Excel(엑셀),일 잘하는 직장인을 위한 엑셀 자동화 with 파이썬,"5,481","27,000",2020년 11월,http://www.yes24.com//Product/Goods/94483920?OzSrank=66
66,프로그래밍 언어,파이썬,파이썬 딥러닝 파이토치 (Python Deep Learning PyTorch),"10,158","22,500",2020년 10월,http://www.yes24.com//Product/Goods/93376077?OzSrank=67
67,OS/데이터베이스,클라우드/빅데이터,밑바닥부터 시작하는 딥러닝 2,"17,763","26,100",2019년 05월,http://www.yes24.com//Product/Goods/72173703?OzSrank=68
68,프로그래밍 언어,프로그래밍 언어 기타,파이썬으로 시작하는 로봇 활용 SW 교육 : 햄스터,"2,598","16,200",2020년 03월,http://www.yes24.com//Product/Goods/88429236?OzSrank=69
69,OS/데이터베이스,클라우드/빅데이터,파이썬으로 배우는 통계학 교과서,"4,026","27,000",2019년 11월,http://www.yes24.com//Product/Goods/83532333?OzSrank=70
70,프로그래밍 언어,파이썬,핵심만 쏙쏙 파이썬,"3,768","19,000",2020년 02월,http://www.yes24.com//Product/Goods/88319108?OzSrank=71
71,프로그래밍 언어,파이썬,게임으로 배우는 파이썬,"6,438","15,300",2019년 03월,http://www.yes24.com//Product/Goods/70916900?OzSrank=72
72,프로그래밍 언어,파이썬,컴퓨터비전과 머신러닝,0,"26,000",2021년 02월,http://www.yes24.com//Product/Goods/97952348?OzSrank=73
73,컴퓨터 공학,컴퓨터 교육,Do it! 첫 코딩 with 파이썬,"2,874","16,200",2021년 01월,http://www.yes24.com//Product/Goods/96580456?OzSrank=74
74,프로그래밍 언어,파이썬,Python으로 시작하는 빅데이터분석 및 인공지능,"2,526","26,000",2021년 02월,http://www.yes24.com//Product/Goods/97697238?OzSrank=75
75,OS/데이터베이스,클라우드/빅데이터,이것이 데이터 분석이다 with 파이썬,"7,491","25,200",2020년 02월,http://www.yes24.com//Product/Goods/87039632?OzSrank=76
76,프로그래밍 언어,파이썬,파이썬으로 배우는 알고리즘 트레이딩,"10,671","36,000",2019년 03월,http://www.yes24.com//Product/Goods/70804948?OzSrank=77
77,OS/데이터베이스,MySQL,이것이 MySQL이다,"8,910","28,800",2020년 05월,http://www.yes24.com//Product/Goods/90118480?OzSrank=78
78,프로그래밍 언어,파이썬,모두의 알고리즘 with 파이썬,"6,276","14,400",2017년 05월,http://www.yes24.com//Product/Goods/40443936?OzSrank=79
79,프로그래밍 언어,파이썬,파이썬 입문,"5,004","22,500",2020년 06월,http://www.yes24.com//Product/Goods/89961758?OzSrank=80
80,컴퓨터 공학,소프트웨어 공학,파이썬 코딩의 기술(개정2판),"4,956","28,800",2020년 10월,http://www.yes24.com//Product/Goods/94197582?OzSrank=81
81,OS/데이터베이스,클라우드/빅데이터,"머신 러닝 교과서 with 파이썬, 사이킷런, 텐서플로","11,157","29,700",2019년 05월,http://www.yes24.com//Product/Goods/73270768?OzSrank=82
82,프로그래밍 언어,파이썬,직장인을 위한 데이터 분석 실무 with 파이썬 (개정판),"3,534","25,200",2020년 11월,http://www.yes24.com//Product/Goods/94973144?OzSrank=83
83,컴퓨터 공학,소프트웨어 공학,마인크래프트로 배우는 파이썬 프로그래밍,"2,394","22,500",2016년 08월,http://www.yes24.com//Product/Goods/30123117?OzSrank=84
84,프로그래밍 언어,파이썬,파이썬 자료구조와 알고리즘,"4,968","19,800",2019년 06월,http://www.yes24.com//Product/Goods/74971408?OzSrank=85
85,프로그래밍 언어,파이썬,파이썬 프로그래밍 교과서,"1,926","20,700",2019년 04월,http://www.yes24.com//Product/Goods/71966864?OzSrank=86
86,컴퓨터 공학,인공지능,텐서플로우2와 케라스를 이용한 고급딥러닝,0,"42,000",2021년 02월,http://www.yes24.com//Product/Goods/97912623?OzSrank=87
87,프로그래밍 언어,파이썬,파이썬 데이터 사이언스 핸드북,"2,886","34,200",2017년 09월,http://www.yes24.com//Product/Goods/50330345?OzSrank=88
88,프로그래밍 언어,파이썬,모두의 인공지능 with 파이썬,"3,162","19,800",2020년 12월,http://www.yes24.com//Product/Goods/96262613?OzSrank=89
89,프로그래밍 언어,파이썬,처음 시작하는 파이썬,"3,648","32,400",2020년 08월,http://www.yes24.com//Product/Goods/91870652?OzSrank=90
90,프로그래밍 언어,파이썬,파이썬 정복 ,"1,956","19,800",2018년 04월,http://www.yes24.com//Product/Goods/59470886?OzSrank=91
91,프로그래밍 언어,프로그래밍 교육,손가락 하나 까딱하지 않는 주식 거래 시스템 구축,"16,206","24,300",2020년 04월,http://www.yes24.com//Product/Goods/89999945?OzSrank=92
92,네트워크/해킹/보안,네트워크 일반,파이썬으로 배우는 디지털 신호처리,"2,172","26,000",2020년 06월,http://www.yes24.com//Product/Goods/90770850?OzSrank=93
93,프로그래밍 언어,파이썬,파이썬으로 만드는 OpenCV 프로젝트,"3,741","32,400",2019년 03월,http://www.yes24.com//Product/Goods/71534451?OzSrank=94
94,프로그래밍 언어,파이썬,Python으로 배우는 문제해결과 인공지능,"2,064","23,000",2021년 02월,http://www.yes24.com//Product/Goods/97702064?OzSrank=95
95,프로그래밍 언어,파이썬,"파이썬 웹 프로그래밍, 실전편 ","6,876","28,800",2019년 11월,http://www.yes24.com//Product/Goods/80855594?OzSrank=96
96,프로그래밍 언어,파이썬,데이터를 다루며 배우는 파이썬,"1,374","16,200",2019년 08월,http://www.yes24.com//Product/Goods/77401048?OzSrank=97
97,컴퓨터 공학,컴퓨터 교육,연오의 파이썬,"1,356","17,820",2020년 12월,http://www.yes24.com//Product/Goods/96426841?OzSrank=98
98,프로그래밍 언어,파이썬,파이썬,"1,338","20,700",2017년 01월,http://www.yes24.com//Product/Goods/35188929?OzSrank=99
99,프로그래밍 언어,파이썬,파이썬과 리액트를 활용한 주식 자동거래 시스템 구축,"7,794","25,200",2020년 02월,http://www.yes24.com//Product/Goods/87579013?OzSrank=100
100,프로그래밍 언어,파이썬,전문가를 위한 파이썬 ,"4,410","49,500",2016년 08월,http://www.yes24.com//Product/Goods/30231768?OzSrank=101
101,OS/데이터베이스,클라우드/빅데이터,파이썬 데이터 분석 입문,"2,820","24,300",2017년 10월,http://www.yes24.com//Product/Goods/53584364?OzSrank=102
102,프로그래밍 언어,파이썬,데이터 분석을 위한 파이썬 철저 입문,"3,192","25,200",2019년 04월,http://www.yes24.com//Product/Goods/72133792?OzSrank=103
103,프로그래밍 언어,파이썬,파이썬 웹 프로그래밍,"8,076","19,800",2018년 08월,http://www.yes24.com//Product/Goods/63503495?OzSrank=104
104,프로그래밍 언어,파이썬,파이썬 학습 로드맵 세트,0,"64,800",2019년 11월,http://www.yes24.com//Product/Goods/82145777?OzSrank=105
105,프로그래밍 언어,파이썬,코딩 초보자를 위한 데이터 중심의 파이썬 프로그래밍,"1,788","22,000",2019년 12월,http://www.yes24.com//Product/Goods/89564297?OzSrank=106
106,프로그래밍 언어,파이썬,파이썬 데이터 분석 실무 테크닉 100,"4,602","23,400",2020년 07월,http://www.yes24.com//Product/Goods/91302724?OzSrank=107
107,프로그래밍 언어,파이썬,진지한 파이썬,"1,833","25,200",2021년 01월,http://www.yes24.com//Product/Goods/96789375?OzSrank=108
108,프로그래밍 언어,파이썬,파이썬 딥러닝 머신러닝 입문,"1,998","22,500",2021년 01월,http://www.yes24.com//Product/Goods/96087004?OzSrank=109
109,프로그래밍 언어,파이썬,파이썬과 케라스로 배우는 강화학습,"3,858","25,200",2020년 04월,http://www.yes24.com//Product/Goods/89784478?OzSrank=110
110,프로그래밍 언어,파이썬,케라스 창시자에게 배우는 딥러닝,"12,747","29,700",2018년 10월,http://www.yes24.com//Product/Goods/65050162?OzSrank=111
111,공학계열,컴퓨터공학,파이썬을 사용한 프로그래밍 입문 ,894,"23,000",2016년 03월,http://www.yes24.com//Product/Goods/24557224?OzSrank=112
112,프로그래밍 언어,파이썬,모던 파이썬 입문,942,"23,400",2019년 10월,http://www.yes24.com//Product/Goods/79651820?OzSrank=113
113,OS/데이터베이스,클라우드/빅데이터,금융 파이썬 쿡북,"1,437","31,500",2021년 02월,http://www.yes24.com//Product/Goods/97246281?OzSrank=114
114,프로그래밍 언어,파이썬,파이썬으로 배우는 자연어 처리 인 액션,"2,619","31,500",2020년 03월,http://www.yes24.com//Product/Goods/89232661?OzSrank=115
115,프로그래밍 언어,파이썬,처음 만나는 파이썬,948,"19,800",2017년 03월,http://www.yes24.com//Product/Goods/38097960?OzSrank=116
116,컴퓨터 공학,소프트웨어 공학,파이썬으로 배우는 소프트웨어 디자인,864,"20,000",2020년 02월,http://www.yes24.com//Product/Goods/89553202?OzSrank=117
117,프로그래밍 언어,파이썬,파이썬으로 배우는 게임 개발 입문편,"2,316","25,200",2020년 10월,http://www.yes24.com//Product/Goods/93802364?OzSrank=118
118,프로그래밍 언어,파이썬,윤성우의 열혈 파이썬 중급편,"4,254","14,400",2019년 10월,http://www.yes24.com//Product/Goods/81519650?OzSrank=119
119,프로그래밍 언어,파이썬,나의 첫 파이썬,"2,124","27,000",2020년 07월,http://www.yes24.com//Product/Goods/90900588?OzSrank=120
120,프로그래밍 언어,파이썬,파이썬 Jupyter Notebook 실전 입문  ,"1,224","22,500",2018년 06월,http://www.yes24.com//Product/Goods/61262127?OzSrank=121
121,OS/데이터베이스,클라우드/빅데이터,파이썬으로 데이터 주무르기,"5,109","24,750",2017년 12월,http://www.yes24.com//Product/Goods/57670268?OzSrank=122
122,프로그래밍 언어,파이썬,파이썬으로 배우는 블록체인 구조와 이론,"2,022","24,300",2019년 05월,http://www.yes24.com//Product/Goods/72227615?OzSrank=123
123,프로그래밍 언어,파이썬,실무자를 위한 파이썬 Python 100제,"4,656","18,000",2020년 02월,http://www.yes24.com//Product/Goods/89342359?OzSrank=124
124,프로그래밍 언어,파이썬,배프의 오지랖 파이썬 웹프로그래밍,"1,530","19,800",2019년 03월,http://www.yes24.com//Product/Goods/69758579?OzSrank=125
125,프로그래밍 언어,파이썬,바이오파이썬으로 만나는 생물정보학,"2,892","23,400",2019년 03월,http://www.yes24.com//Product/Goods/70861061?OzSrank=126
126,오피스 활용,MS Excel(엑셀),엑셀 x 파이썬 업무 자동화,"2,514","16,200",2020년 12월,http://www.yes24.com//Product/Goods/95551349?OzSrank=127
127,컴퓨터 공학,소프트웨어 공학,파이썬을 활용한 소프트웨어 아키텍처,"1,128","36,000",2020년 12월,http://www.yes24.com//Product/Goods/96364238?OzSrank=128
128,프로그래밍 언어,파이썬,파이썬 알고리즘,618,"27,000",2021년 01월,http://www.yes24.com//Product/Goods/97119739?OzSrank=129
129,프로그래밍 언어,파이썬,모두의 파이썬&알고리즘 합본호,"2,952","23,400",2018년 12월,http://www.yes24.com//Product/Goods/67327129?OzSrank=130
130,프로그래밍 언어,파이썬,모두의 인공지능 기초 수학,"10,953","22,500",2020년 08월,http://www.yes24.com//Product/Goods/91358533?OzSrank=131
131,컴퓨터 공학,자료구조/알고리즘,Hello Coding 그림으로 개념을 이해하는 알고리즘,"5,262","19,800",2017년 04월,http://www.yes24.com//Product/Goods/37885448?OzSrank=132
132,프로그래밍 언어,C++,OpenCV-Python으로 배우는 영상처리 및 응용,"2,478","35,000",2020년 11월,http://www.yes24.com//Product/Goods/95785417?OzSrank=133
133,프로그래밍 언어,파이썬,파이썬 클린 코드 ,"2,892","25,200",2019년 02월,http://www.yes24.com//Product/Goods/69064790?OzSrank=134
134,컴퓨터 공학,컴퓨터 교육,파이썬 네트워크 프로그래밍,"1,506","27,000",2020년 03월,http://www.yes24.com//Product/Goods/90428642?OzSrank=135
135,사회과학 계열,통계학,누구나 파이썬 통계분석,"3,312","24,700",2020년 04월,http://www.yes24.com//Product/Goods/89972967?OzSrank=136
136,프로그래밍 언어,파이썬,바로 쓰는 파이썬 : 기초 편,"1,542","25,000",2019년 02월,http://www.yes24.com//Product/Goods/70750827?OzSrank=137
137,컴퓨터 입문/활용,어른을 위한 컴퓨터,깔끔한 파이썬 탄탄한 백엔드,"2,982","24,300",2019년 01월,http://www.yes24.com//Product/Goods/68713424?OzSrank=138
138,프로그래밍 언어,파이썬,PYTHON 파이썬만 잡아도,300,"25,000",2018년 07월,http://www.yes24.com//Product/Goods/62057071?OzSrank=139
139,프로그래밍 언어,파이썬,문과생을 위한 파이썬,930,"16,650",2020년 07월,http://www.yes24.com//Product/Goods/90981956?OzSrank=140
140,프로그래밍 언어,파이썬,초보자를 위한 파이썬 200제,"2,826","18,000",2017년 02월,http://www.yes24.com//Product/Goods/36836557?OzSrank=141
141,프로그래밍 언어,파이썬,파이썬 튜토리얼,528,"32,000",2019년 02월,http://www.yes24.com//Product/Goods/72140694?OzSrank=142
142,3-4학년,3-4학년 학습,파이썬으로 무인도 탈출하기,"2,598","12,600",2019년 08월,http://www.yes24.com//Product/Goods/78215635?OzSrank=143
143,컴퓨터 입문/활용,어린이 컴퓨터,똑똑한 파이썬,"1,428","11,700",2019년 07월,http://www.yes24.com//Product/Goods/73164726?OzSrank=144
144,프로그래밍 언어,파이썬,파이썬 프로그래밍,642,"34,000",2020년 01월,http://www.yes24.com//Product/Goods/86023334?OzSrank=145
145,프로그래밍 언어,파이썬,파이썬 GUI 프로그래밍 쿡북 2/e,"2,676","31,500",2018년 04월,http://www.yes24.com//Product/Goods/59871444?OzSrank=146
146,프로그래밍 언어,파이썬,머신 러닝·딥 러닝에 필요한 기초 수학 with 파이썬,"2,403","24,300",2020년 11월,http://www.yes24.com//Product/Goods/94433523?OzSrank=147
147,웹사이트,HTML/JavaScript/CSS/jQuery,Do it! 점프 투 장고,"2,742","17,820",2021년 01월,http://www.yes24.com//Product/Goods/96376772?OzSrank=148
148,컴퓨터 공학,컴퓨터 교육,컴퓨터 사이언스 부트캠프 with 파이썬,906,"21,600",2018년 02월,http://www.yes24.com//Product/Goods/58552941?OzSrank=149
149,프로그래밍 언어,파이썬,누구나 쉽게 배우는 파이썬 프로그래밍,804,"24,300",2013년 08월,http://www.yes24.com//Product/Goods/9313650?OzSrank=150
150,프로그래밍 언어,파이썬,파이썬 프로그래밍으로 지루한 작업 자동화하기,"1,992","27,000",2019년 01월,http://www.yes24.com//Product/Goods/36067504?OzSrank=151
151,네트워크/해킹/보안,보안/해킹,파이썬으로 웹 크롤러 만들기,"3,930","22,500",2019년 03월,http://www.yes24.com//Product/Goods/71047040?OzSrank=152
152,프로그래밍 언어,파이썬,뇌를 자극하는 파이썬 3 ,"1,332","22,500",2016년 02월,http://www.yes24.com//Product/Goods/24309262?OzSrank=153
153,OS/데이터베이스,클라우드/빅데이터,모두의 데이터 과학 with 파이썬,"2,634","19,800",2017년 07월,http://www.yes24.com//Product/Goods/43633333?OzSrank=154
154,프로그래밍 언어,파이썬,코딩 강화 파이썬,708,"17,820",2019년 06월,http://www.yes24.com//Product/Goods/74589276?OzSrank=155
155,프로그래밍 언어,파이썬,"파이썬을 이용한 머신러닝, 딥러닝 실전 앱 개발","1,512","24,300",2019년 03월,http://www.yes24.com//Product/Goods/71051687?OzSrank=156
156,프로그래밍 언어,파이썬,딥러닝 머신러닝을 위한 파이썬 넘파이,"2,976","31,500",2020년 06월,http://www.yes24.com//Product/Goods/90496469?OzSrank=157
157,컴퓨터 공학,마이크로 프로세서,모두의 라즈베리 파이 with 파이썬,"2,544","23,400",2019년 01월,http://www.yes24.com//Product/Goods/68816867?OzSrank=158
158,프로그래밍 언어,파이썬,파이썬으로 코딩하는 물리,450,"29,000",2021년 03월,http://www.yes24.com//Product/Goods/97676769?OzSrank=159
159,프로그래밍 언어,파이썬,"파이썬을 이용한 머신러닝, 딥러닝 실전 개발 입문","3,900","27,000",2019년 12월,http://www.yes24.com//Product/Goods/84802550?OzSrank=160
160,OS/데이터베이스,클라우드/빅데이터,파이썬 날코딩으로 알고 짜는 딥러닝,"2,670","40,500",2019년 07월,http://www.yes24.com//Product/Goods/75732024?OzSrank=161
161,프로그래밍 언어,파이썬,프로그래머를 위한 파이썬,"1,344","22,500",2020년 11월,http://www.yes24.com//Product/Goods/94865600?OzSrank=162
162,프로그래밍 언어,파이썬,잡아라! 텍스트 마이닝 with 파이썬,"2,145","15,300",2019년 04월,http://www.yes24.com//Product/Goods/72231434?OzSrank=163
163,컴퓨터 입문/활용,어른을 위한 컴퓨터,"한 번 배운 파이썬, 나만의 활용 스킬","1,794","18,000",2020년 07월,http://www.yes24.com//Product/Goods/91227262?OzSrank=164
164,컴퓨터 입문/활용,어린이 컴퓨터,아두이노와 피지컬 컴퓨팅 with 파이썬,822,"14,400",2018년 12월,http://www.yes24.com//Product/Goods/67449987?OzSrank=165
165,프로그래밍 언어,파이썬,파이썬이 보이는 그림책,924,"15,300",2018년 07월,http://www.yes24.com//Product/Goods/62233388?OzSrank=166
166,프로그래밍 언어,파이썬,깐깐하게 배우는 파이썬 3,708,"19,800",2019년 01월,http://www.yes24.com//Product/Goods/68834616?OzSrank=167
167,프로그래밍 언어,파이썬,씽크 파이썬 Think Python,822,"19,800",2017년 10월,http://www.yes24.com//Product/Goods/50280783?OzSrank=168
168,게임,게임 기획,마인크래프트와 함께 즐겁게 파이썬,"1,482","23,400",2018년 11월,http://www.yes24.com//Product/Goods/66884670?OzSrank=169
169,프로그래밍 언어,파이썬,생각대로 파이썬 파이썬 첫걸음,408,"20,700",2021년 01월,http://www.yes24.com//Product/Goods/96669652?OzSrank=170
170,네트워크/해킹/보안,보안/해킹,파이썬 해킹 입문,768,"20,700",2014년 12월,http://www.yes24.com//Product/Goods/15333939?OzSrank=171
171,프로그래밍 언어,파이썬,The Python - 파이썬 프로그래밍(합본),456,"54,800",2019년 07월,http://www.yes24.com//Product/Goods/76890401?OzSrank=172
172,프로그래밍 언어,파이썬,쏙 들어오는 파이썬 프로그래밍,252,"20,000",2020년 12월,http://www.yes24.com//Product/Goods/95734439?OzSrank=173
173,프로그래밍 언어,파이썬,C#과 파이썬을 활용한 OpenCV 4 프로그래밍,"3,078","31,500",2019년 08월,http://www.yes24.com//Product/Goods/77186885?OzSrank=174
174,프로그래밍 언어,파이썬,파이썬과 함께 배우는 신호와 시스템,438,"28,000",2020년 03월,http://www.yes24.com//Product/Goods/89563900?OzSrank=175
175,투자/재테크,재테크일반,파이썬으로 배우는 금융 분석 2/e,672,"34,200",2017년 11월,http://www.yes24.com//Product/Goods/56882179?OzSrank=176
176,OS/데이터베이스,클라우드/빅데이터,파이썬으로 배우는 딥러닝 교과서,"1,308","34,200",2020년 03월,http://www.yes24.com//Product/Goods/89233031?OzSrank=177
177,컴퓨터 공학,컴퓨터 교육,파이썬3 입문과 활용,663,"24,300",2021년 02월,http://www.yes24.com//Product/Goods/97544587?OzSrank=178
178,사회과학 계열,통계학,통계학 : 파이썬을 이용한 분석,810,"30,000",2018년 08월,http://www.yes24.com//Product/Goods/63859643?OzSrank=179
179,프로그래밍 언어,파이썬,파이썬으로 텍스트 분석하기,864,"17,100",2018년 12월,http://www.yes24.com//Product/Goods/77708059?OzSrank=180
180,프로그래밍 언어,파이썬,파이썬과 OpenCV를 이용한 컴퓨터 비전 학습,"1,248","31,500",2018년 11월,http://www.yes24.com//Product/Goods/67022158?OzSrank=181
181,프로그래밍 언어,파이썬,파이썬 마이크로서비스,540,"31,500",2019년 05월,http://www.yes24.com//Product/Goods/73161840?OzSrank=182
182,프로그래밍 언어,파이썬,생활코딩! 파이썬,"1,908","17,100",2020년 03월,http://www.yes24.com//Product/Goods/89837435?OzSrank=183
183,OS/데이터베이스,클라우드/빅데이터,파이썬으로 데이터 마이닝 시작하기,984,"18,900",2019년 12월,http://www.yes24.com//Product/Goods/84781000?OzSrank=184
184,컴퓨터 공학,컴퓨터 교육,"파이썬 기반의 AI를 위한 기초수학, 확률 및 통계","1,698","32,000",2020년 03월,http://www.yes24.com//Product/Goods/89594875?OzSrank=185
185,프로그래밍 언어,파이썬,슬기로운 파이썬생활 데이터 싹쓰리 & 업무자동화,720,"33,000",2020년 11월,http://www.yes24.com//Product/Goods/95878638?OzSrank=186
186,프로그래밍 언어,파이썬,자기주도 파이썬,465,"15,000",2019년 04월,http://www.yes24.com//Product/Goods/72214838?OzSrank=187
187,컴퓨터 공학,소프트웨어 공학,파이썬 디자인 패턴 2/e,"1,290","13,500",2018년 11월,http://www.yes24.com//Product/Goods/67024256?OzSrank=188
188,프로그래밍 언어,파이썬,파이썬을 이용한 웹 크롤링과 스크레이핑,"2,520","27,000",2018년 03월,http://www.yes24.com//Product/Goods/59307498?OzSrank=189
189,프로그래밍 언어,파이썬,파이썬으로 배우는 웹 크롤러,594,"22,500",2018년 01월,http://www.yes24.com//Product/Goods/57917885?OzSrank=190
190,컴퓨터 입문/활용,어린이 컴퓨터,순서도로 배우는 파이썬,318,"17,000",2016년 06월,http://www.yes24.com//Product/Goods/28344646?OzSrank=191
191,프로그래밍 언어,파이썬,파이썬을 활용한 나만의 RPA 만들기 (2021),738,"25,000",2021년 01월,http://www.yes24.com//Product/Goods/96535228?OzSrank=192
192,프로그래밍 언어,파이썬,파이썬 Python 1학년,642,"15,300",2018년 12월,http://www.yes24.com//Product/Goods/67451303?OzSrank=193
193,프로그래밍 언어,파이썬,파이썬을 활용한 딥러닝 전이학습,"1,656","27,000",2019년 10월,http://www.yes24.com//Product/Goods/79659977?OzSrank=194
194,컴퓨터 공학,네트워크/데이터 통신,파이썬 네트워킹 마스터 2/e,696,"31,500",2019년 10월,http://www.yes24.com//Product/Goods/80771025?OzSrank=195
195,프로그래밍 언어,파이썬,누구나 파이썬 Python 너도 데이터 가지고 놀 수 있어!,"1,194","16,200",2020년 01월,http://www.yes24.com//Product/Goods/86962608?OzSrank=196
196,컴퓨터 입문/활용,어른을 위한 컴퓨터,코드업과 함께 하는 파이썬&문제 해결,"1,128","14,400",2020년 11월,http://www.yes24.com//Product/Goods/95287470?OzSrank=197
197,프로그래밍 언어,파이썬,마이크로비트로 배우는 파이썬,"1,587","16,920",2020년 02월,http://www.yes24.com//Product/Goods/86897854?OzSrank=198
198,OS/데이터베이스,클라우드/빅데이터,프로그래머를 위한 베이지안 with 파이썬,"1,218","24,300",2017년 11월,http://www.yes24.com//Product/Goods/57237963?OzSrank=199
199,OS/데이터베이스,클라우드/빅데이터,금융 데이터를 위한 파이썬,"1,818","21,600",2020년 06월,http://www.yes24.com//Product/Goods/90593157?OzSrank=200
200,사회과학 계열,통계학,파이썬을 이용한 통계적 머신러닝,180,"32,000",2021년 02월,http://www.yes24.com//Product/Goods/97684463?OzSrank=201
201,프로그래밍 언어,파이썬,컴퓨터 비전공자를 위한 파이썬을 활용한 기초컴퓨터프로그래밍,"1,422","24,000",2017년 08월,http://www.yes24.com//Product/Goods/58479239?OzSrank=202
202,OS/데이터베이스,클라우드/빅데이터,머신러닝을 위한 파이썬 한 조각,"1,284","21,600",2020년 02월,http://www.yes24.com//Product/Goods/87663679?OzSrank=203
203,프로그래밍 언어,파이썬,파이썬을 활용한 금융 분석 ,846,"37,800",2016년 06월,http://www.yes24.com//Product/Goods/27727661?OzSrank=204
204,OS/데이터베이스,클라우드/빅데이터,파이썬을 이용한 빅데이터 분석,498,"25,000",2018년 06월,http://www.yes24.com//Product/Goods/61177004?OzSrank=205
205,공학계열,컴퓨터공학,비전공자의데이터분석을위한 파이썬기초,324,"15,000",2018년 10월,http://www.yes24.com//Product/Goods/65490086?OzSrank=206
206,컴퓨터 입문/활용,어린이 컴퓨터,수학으로 배우는 파이썬,834,"11,700",2020년 08월,http://www.yes24.com//Product/Goods/92311051?OzSrank=207
207,네트워크/해킹/보안,네트워크 일반,파이썬을 활용한 지리공간 분석 마스터하기,"1,206","36,000",2019년 03월,http://www.yes24.com//Product/Goods/69772178?OzSrank=208
208,프로그래밍 언어,파이썬,스파르타! 파이썬 포렌식,252,"25,200",2020년 10월,http://www.yes24.com//Product/Goods/93400101?OzSrank=209
209,OS/데이터베이스,클라우드/빅데이터,파이썬과 대스크를 활용한 고성능 데이터 분석,672,"25,200",2015년 04월,http://www.yes24.com//Product/Goods/17406828?OzSrank=210
210,게임,게임 개발,파이썬으로 배우는 게임 개발 실전편,"1,032","27,000",2020년 10월,http://www.yes24.com//Product/Goods/92903130?OzSrank=211
211,OS/데이터베이스,클라우드/빅데이터,직장인을 위한 실무 데이터 분석 with 엑셀,"5,592","19,800",2020년 11월,http://www.yes24.com//Product/Goods/95275924?OzSrank=212
212,컴퓨터 입문/활용,어린이 컴퓨터,파이썬으로 배우는 초중등 교과서 1,825,"16,200",2020년 08월,http://www.yes24.com//Product/Goods/91785181?OzSrank=213
213,프로그래밍 언어,파이썬,파이썬으로 배우는 데이터 과학 입문과 실습,480,"24,300",2019년 08월,http://www.yes24.com//Product/Goods/77986815?OzSrank=214
214,프로그래밍 언어,파이썬,파이썬을 이용한 수치해석,366,"35,000",2018년 02월,http://www.yes24.com//Product/Goods/58511072?OzSrank=215
215,프로그래밍 언어,파이썬,인공지능 100점을 위한 파이썬 수학,"1,656","21,600",2020년 12월,http://www.yes24.com//Product/Goods/96664844?OzSrank=216
216,프로그래밍 언어,파이썬,파이썬으로 배우는 수치 데이터 처리 ,324,"19,800",2020년 04월,http://www.yes24.com//Product/Goods/90073504?OzSrank=217
217,프로그래밍 언어,파이썬,파이썬을 활용한 스파크 프로그래밍,906,"27,000",2020년 03월,http://www.yes24.com//Product/Goods/89430174?OzSrank=218
218,프로그래밍 언어,파이썬,파이썬으로 만드는 암호화폐 자동 거래 시스템,966,"22,500",2019년 08월,http://www.yes24.com//Product/Goods/77356185?OzSrank=219
219,프로그래밍 언어,파이썬,한권으로 파이썬과 드론 날로 먹기,"1,008","16,200",2018년 04월,http://www.yes24.com//Product/Goods/60203451?OzSrank=220
220,프로그래밍 언어,파이썬,암호 해킹으로 배우는 파이썬의 기초,630,"31,500",2020년 07월,http://www.yes24.com//Product/Goods/91160086?OzSrank=221
221,공학계열,컴퓨터공학,파이썬과R,510,"14,900",2019년 07월,http://www.yes24.com//Product/Goods/76899516?OzSrank=222
222,프로그래밍 언어,파이썬,Flask 기반의 파이썬 웹 프로그래밍,684,"29,700",2020년 07월,http://www.yes24.com//Product/Goods/91766761?OzSrank=223
223,컴퓨터 공학,인공지능,"머신 러닝을 위한 수학 with 파이썬, R","1,518","21,600",2016년 05월,http://www.yes24.com//Product/Goods/27640037?OzSrank=224
224,프로그래밍 언어,파이썬,러닝 파이썬 상편,660,"34,200",2020년 08월,http://www.yes24.com//Product/Goods/91790187?OzSrank=225
225,프로그래밍 언어,파이썬,신비한 파이썬 프로젝트,684,"21,600",2018년 03월,http://www.yes24.com//Product/Goods/59286493?OzSrank=226
226,프로그래밍 언어,파이썬,러닝 파이썬 하편,672,"34,200",2020년 05월,http://www.yes24.com//Product/Goods/90198972?OzSrank=227
227,프로그래밍 언어,파이썬,빠르게 활용하는 파이썬 3.6 프로그래밍,528,"27,000",2018년 03월,http://www.yes24.com//Product/Goods/59286514?OzSrank=228
228,프로그래밍 언어,파이썬,파이썬 프로그래밍,"1,056","29,000",2017년 07월,http://www.yes24.com//Product/Goods/43751272?OzSrank=229
229,프로그래밍 언어,파이썬,파이썬 프로그래밍,174,"24,300",2019년 02월,http://www.yes24.com//Product/Goods/70374986?OzSrank=230
230,OS/데이터베이스,클라우드/빅데이터,"파이썬을 이용한 빅데이터 수집, 분석과 시각화 ",672,"21,600",2016년 03월,http://www.yes24.com//Product/Goods/24803135?OzSrank=231
231,정치/외교,정치/외교학 일반,정치학을 위한 파이썬,234,"15,000",2017년 06월,http://www.yes24.com//Product/Goods/42493295?OzSrank=232
232,프로그래밍 언어,파이썬,깐깐하게 배우는 파이썬,192,"21,600",2018년 02월,http://www.yes24.com//Product/Goods/59201187?OzSrank=233
233,프로그래밍 언어,파이썬,72시간 파이썬 정복,228,"24,000",2014년 11월,http://www.yes24.com//Product/Goods/15240210?OzSrank=234
234,프로그래밍 언어,파이썬,러닝 파이썬 세트,0,"68,400",2019년 07월,http://www.yes24.com//Product/Goods/76891961?OzSrank=235
235,프로그래밍 언어,파이썬,파이썬 프로그래밍,144,"20,000",2018년 03월,http://www.yes24.com//Product/Goods/59317494?OzSrank=236
236,OS/데이터베이스,클라우드/빅데이터,파이썬에 참 좋은 PyCharm,"1,122","20,700",2017년 02월,http://www.yes24.com//Product/Goods/36873334?OzSrank=237
237,OS/데이터베이스,클라우드/빅데이터,파이썬으로 챗봇 만들기,"1,128","18,000",2019년 10월,http://www.yes24.com//Product/Goods/80923978?OzSrank=238
238,프로그래밍 언어,파이썬,이젠 나도! 파이썬,648,"22,500",2020년 11월,http://www.yes24.com//Product/Goods/94871439?OzSrank=239
239,프로그래밍 언어,파이썬,파이썬과 수치 해석 2/e,864,"45,000",2019년 10월,http://www.yes24.com//Product/Goods/79668579?OzSrank=240
240,프로그래밍 언어,파이썬,파이썬으로 시작하는 코딩,492,"18,000",2019년 08월,http://www.yes24.com//Product/Goods/78214796?OzSrank=241
241,프로그래밍 언어,파이썬,RESTful 파이썬 웹 서비스 제작,828,"31,500",2018년 09월,http://www.yes24.com//Product/Goods/64468687?OzSrank=242
242,컴퓨터 공학,자료구조/알고리즘,이토록 쉬운 딥러닝을 위한 기초 수학 with 파이썬,990,"25,200",2017년 07월,http://www.yes24.com//Product/Goods/43845343?OzSrank=243
243,프로그래밍 언어,파이썬,자연어 처리 쿡북 with 파이썬,672,"27,000",2019년 08월,http://www.yes24.com//Product/Goods/77282770?OzSrank=244
244,프로그래밍 언어,파이썬,파이썬으로 다시 배우는 핵심 고등 수학,"1,362","22,500",2019년 01월,http://www.yes24.com//Product/Goods/68733448?OzSrank=245
245,프로그래밍 언어,파이썬,가장 쉬운 파이썬 입문교실,720,"15,300",2019년 11월,http://www.yes24.com//Product/Goods/80909273?OzSrank=246
246,프로그래밍 언어,파이썬,파이썬 자연어 처리의 이론과 실제,534,"31,500",2018년 07월,http://www.yes24.com//Product/Goods/61815208?OzSrank=247
247,컴퓨터 수험서,신규자격증/기타,COS Pro 2급 파이썬 시험 대비서(교재+모의고사),"1,350","16,200",2018년 06월,http://www.yes24.com//Product/Goods/61511014?OzSrank=248
248,3-4학년,3-4학년 학습,파이썬아 반가워!,774,"12,420",2018년 02월,http://www.yes24.com//Product/Goods/58670446?OzSrank=249
249,프로그래밍 언어,파이썬,파이썬을 이용한 실전 프로그래밍,567,"35,000",2018년 08월,http://www.yes24.com//Product/Goods/64087050?OzSrank=250
250,프로그래밍 언어,파이썬,파이썬과 NumPy로 배우는 선형대수,"1,806","23,400",2019년 04월,http://www.yes24.com//Product/Goods/71993469?OzSrank=251
251,프로그래밍 언어,파이썬,파이썬으로 배우는 응용 텍스트 분석,"1,032","24,300",2019년 09월,http://www.yes24.com//Product/Goods/78896144?OzSrank=252
252,프로그래밍 언어,파이썬,파이썬 병렬 프로그래밍,366,"12,600",2019년 11월,http://www.yes24.com//Product/Goods/83536010?OzSrank=253
253,OS/데이터베이스,클라우드/빅데이터,"머신 러닝을 다루는 기술 with 파이썬, 사이킷런",972,"30,600",2016년 11월,http://www.yes24.com//Product/Goods/32946076?OzSrank=254
254,컴퓨터 입문/활용,어린이 컴퓨터,코딩 클럽 LV1. 모두를 위한 파이썬 기초 ,384,"9,000",2020년 06월,http://www.yes24.com//Product/Goods/90706572?OzSrank=255
255,프로그래밍 언어,파이썬,10대를 위한 파이썬 교과서,432,"19,800",2015년 09월,http://www.yes24.com//Product/Goods/20052349?OzSrank=256
256,프로그래밍 언어,파이썬,차근차근 파이썬 코딩 실습 (연구활용 대기과학편),"1,179","22,500",2020년 01월,http://www.yes24.com//Product/Goods/85961001?OzSrank=257
257,컴퓨터 공학,컴퓨터 교육,초등 교과수학코딩 with 파이썬,270,"15,700",2020년 07월,http://www.yes24.com//Product/Goods/91742752?OzSrank=258
258,투자/재테크,주식/증권,ELS 평가를 위한 몬테카를로 시뮬레이션과 유한차분법 : 파이썬 활용,186,"19,000",2019년 05월,http://www.yes24.com//Product/Goods/74260204?OzSrank=259
259,컴퓨터 공학,컴퓨터 교육,파이썬과 피지컬 컴퓨팅,"1,590","14,000",2019년 11월,http://www.yes24.com//Product/Goods/80853210?OzSrank=260
260,프로그래밍 언어,파이썬,파이썬을 이용한 컴퓨터 과학 입문,324,"43,200",2020년 08월,http://www.yes24.com//Product/Goods/92080328?OzSrank=261
261,컴퓨터 입문/활용,어린이 컴퓨터,파이썬으로 배우는 초중등 교과서 2,342,"16,200",2019년 12월,http://www.yes24.com//Product/Goods/85111306?OzSrank=262
262,프로그래밍 언어,파이썬,파이썬과 파이게임,222,"28,000",2019년 08월,http://www.yes24.com//Product/Goods/77986838?OzSrank=263
263,프로그래밍 언어,파이썬,고전 컴퓨터 알고리즘 인 파이썬,660,"22,500",2020년 02월,http://www.yes24.com//Product/Goods/91116215?OzSrank=264
264,프로그래밍 언어,파이썬,파이썬 실무 프로그래밍,564,"40,500",2019년 12월,http://www.yes24.com//Product/Goods/83532292?OzSrank=265
265,프로그래밍 언어,파이썬,한권으로 개발자가 원하던 파이썬 심화 A to Z,540,"28,800",2017년 03월,http://www.yes24.com//Product/Goods/38001954?OzSrank=266
266,프로그래밍 언어,파이썬,한권으로 파이썬 데이터 사이언스 입문 AtoZ,"1,110","26,100",2019년 11월,http://www.yes24.com//Product/Goods/84183174?OzSrank=267
267,OS/데이터베이스,클라우드/빅데이터,파이썬을 활용한 생명정보학 2/e,846,"32,400",2020년 01월,http://www.yes24.com//Product/Goods/85477574?OzSrank=268
268,프로그래밍 언어,파이썬,퀀트 전략 파이썬으로 세워라,"1,638","21,600",2019년 12월,http://www.yes24.com//Product/Goods/84938746?OzSrank=269
269,프로그래밍 언어,파이썬,처음 시작하는 파이썬 프로그래밍,288,"16,200",2019년 04월,http://www.yes24.com//Product/Goods/72157780?OzSrank=270
270,프로그래밍 언어,파이썬,헬로! 파이썬 프로그래밍,276,"24,300",2018년 03월,http://www.yes24.com//Product/Goods/59415521?OzSrank=271
271,프로그래밍 언어,파이썬,파이썬 예제와 함께하는 강화학습,252,"22,000",2015년 09월,http://www.yes24.com//Product/Goods/20104204?OzSrank=272
272,프로그래밍 언어,파이썬,알기 쉬운 파이썬 SQL 코딩하기,192,"13,500",2019년 06월,http://www.yes24.com//Product/Goods/77254784?OzSrank=273
273,프로그래밍 언어,파이썬,국가대표 파이썬 첫걸음,144,"21,420",2020년 03월,http://www.yes24.com//Product/Goods/89469136?OzSrank=274
274,프로그래밍 언어,파이썬,파이썬,108,"33,250",2018년 07월,http://www.yes24.com//Product/Goods/62157627?OzSrank=275
275,OS/데이터베이스,클라우드/빅데이터,실전 알고리즘 트레이딩 배우기 ,"1,386","31,500",2018년 03월,http://www.yes24.com//Product/Goods/59190151?OzSrank=276
276,프로그래밍 언어,파이썬,파이썬을 활용한 네트워크 프로그래밍,204,"27,000",2021년 02월,http://www.yes24.com//Product/Goods/97583384?OzSrank=277
277,프로그래밍 언어,파이썬,퍼즐로 배우는 알고리즘 with 파이썬,462,"18,000",2015년 01월,http://www.yes24.com//Product/Goods/15852554?OzSrank=278
278,프로그래밍 언어,파이썬,파이썬을 이용한 데이터 분석 2/e,192,"27,000",2019년 09월,http://www.yes24.com//Product/Goods/78567028?OzSrank=279
279,프로그래밍 언어,파이썬,진짜 코딩하며 배우는 파이썬 바리스타 프로그램 만들기,900,"15,930",2018년 01월,http://www.yes24.com//Product/Goods/58038660?OzSrank=280
280,프로그래밍 언어,파이썬,파이썬 성능 높이기 2/e,534,"25,200",2020년 08월,http://www.yes24.com//Product/Goods/91285257?OzSrank=281
281,프로그래밍 언어,파이썬,파이썬으로 배우는 프로그래밍 기초,204,"23,000",2018년 11월,http://www.yes24.com//Product/Goods/66986784?OzSrank=282
282,컴퓨터 공학,인공지능,파이썬에 기반한 케라스 딥러닝 실전,126,"27,000",2018년 02월,http://www.yes24.com//Product/Goods/59199240?OzSrank=283
283,프로그래밍 언어,프로그래밍 언어 기타,객체지향 파이썬 프로그래밍,468,"40,500",2019년 10월,http://www.yes24.com//Product/Goods/80389565?OzSrank=284
284,프로그래밍 언어,파이썬,파이썬과 함께 하는 수학 어드벤처,396,"27,000",2017년 02월,http://www.yes24.com//Product/Goods/35868954?OzSrank=285
285,OS/데이터베이스,클라우드/빅데이터,파이썬을 활용한 크롤러 개발과 스크레이핑 입문,378,"27,000",2020년 01월,http://www.yes24.com//Product/Goods/85961642?OzSrank=286
286,프로그래밍 언어,파이썬,파이썬으로 실무에 바로 적용하는 머신 러닝,240,"27,000",2019년 07월,http://www.yes24.com//Product/Goods/76488159?OzSrank=287
287,프로그래밍 언어,파이썬,파이썬 동시성 프로그래밍,420,"27,000",2019년 01월,http://www.yes24.com//Product/Goods/68729176?OzSrank=288
288,프로그래밍 언어,파이썬,슬기로운 파이썬 트릭,564,"18,000",2018년 09월,http://www.yes24.com//Product/Goods/64410217?OzSrank=289
289,프로그래밍 언어,파이썬,"파이썬 쉽게, 더 쉽게",390,"23,400",2019년 01월,http://www.yes24.com//Product/Goods/68835284?OzSrank=290
290,프로그래밍 언어,파이썬,Try! helloworld 파이썬,390,"16,200",2018년 12월,http://www.yes24.com//Product/Goods/67439014?OzSrank=291
291,프로그래밍 언어,파이썬,왕초보를 위한 파이썬 프로그래밍 입문서,276,"10,800",2017년 02월,http://www.yes24.com//Product/Goods/35907623?OzSrank=292
292,프로그래밍 언어,파이썬,3step으로 확실하게 배우는 파이썬 입문,96,"25,000",2017년 07월,http://www.yes24.com//Product/Goods/43504370?OzSrank=293
293,프로그래밍 언어,파이썬,파이썬 첫걸음,114,"23,400",2021년 01월,http://www.yes24.com//Product/Goods/96658190?OzSrank=294
294,컴퓨터 공학,네트워크/데이터 통신,파이썬으로 배우는 Anti-Virus 구조와 원리,564,"30,600",2020년 12월,http://www.yes24.com//Product/Goods/96685376?OzSrank=295
295,컴퓨터 공학,컴퓨터 교육,파이썬 코딩 수학 with 딥러닝,"1,164","13,500",2017년 09월,http://www.yes24.com//Product/Goods/47245069?OzSrank=296
296,프로그래밍 언어,파이썬,파이썬을 활용한 데이터 길들이기,312,"29,700",2019년 07월,http://www.yes24.com//Product/Goods/75235945?OzSrank=297
297,프로그래밍 언어,파이썬,파이썬과 자연어 처리,213,"25,200",2017년 08월,http://www.yes24.com//Product/Goods/44521924?OzSrank=298
298,프로그래밍 언어,파이썬,한 권으로 끝내는 파이썬,852,"16,200",2017년 07월,http://www.yes24.com//Product/Goods/43863038?OzSrank=299
299,프로그래밍 언어,파이썬,스타트 파이썬,861,"17,100",2019년 05월,http://www.yes24.com//Product/Goods/73163943?OzSrank=300
300,사회과학 계열,통계학,R과 파이썬을 활용한 논문연구법,513,"30,000",2018년 09월,http://www.yes24.com//Product/Goods/63791787?OzSrank=301
301,프로그래밍 언어,파이썬,초보자도 간단히 단숨에 배우는 파이썬,846,"14,220",2020년 09월,http://www.yes24.com//Product/Goods/92866365?OzSrank=302
302,네트워크/해킹/보안,보안/해킹,모의 침투 입문자를 위한 파이썬 3 활용,606,"22,500",2020년 04월,http://www.yes24.com//Product/Goods/89555053?OzSrank=303
303,프로그래밍 언어,파이썬,파이썬 웹 프로그래밍,732,"22,500",2020년 02월,http://www.yes24.com//Product/Goods/89176240?OzSrank=304
304,프로그래밍 언어,파이썬,엔지니어를 위한 파이썬,378,"25,200",2016년 05월,http://www.yes24.com//Product/Goods/27848133?OzSrank=305
305,프로그래밍 언어,파이썬,파이썬으로 풀어보는 수학 ,960,"22,500",2017년 11월,http://www.yes24.com//Product/Goods/56900453?OzSrank=306
306,프로그래밍 언어,파이썬,파이썬 분산 컴퓨팅,222,"18,000",2016년 06월,http://www.yes24.com//Product/Goods/28806986?OzSrank=307
307,프로그래밍 언어,파이썬,파이썬 프로그래밍,438,"24,300",2016년 11월,http://www.yes24.com//Product/Goods/33384150?OzSrank=308
308,프로그래밍 언어,파이썬,파이썬 코딩 알고리듬,210,"10,800",2019년 05월,http://www.yes24.com//Product/Goods/74312880?OzSrank=309
309,프로그래밍 언어,파이썬,실전 스케일링 파이썬 프로그래밍,282,"17,100",2017년 09월,http://www.yes24.com//Product/Goods/51123907?OzSrank=310
310,프로그래밍 언어,파이썬,나혼자 파이썬,198,"13,500",2018년 08월,http://www.yes24.com//Product/Goods/63747074?OzSrank=311
311,프로그래밍 언어,파이썬,파이썬 라이브러리 레시피,306,"22,500",2020년 12월,http://www.yes24.com//Product/Goods/95736180?OzSrank=312
312,프로그래밍 언어,파이썬,파이썬 모의 해킹과 침투 테스팅,78,"18,000",2016년 04월,http://www.yes24.com//Product/Goods/25962731?OzSrank=313
313,컴퓨터 입문/활용,어린이 컴퓨터,코딩 클럽 LV2. 본격 파이썬 입문 ,192,"9,000",2015년 11월,http://www.yes24.com//Product/Goods/23093894?OzSrank=314
314,프로그래밍 언어,파이썬,모던 파이썬 쿡북,102,"38,700",2015년 09월,http://www.yes24.com//Product/Goods/20052461?OzSrank=315
315,프로그래밍 언어,파이썬,파이썬 머신러닝,234,"28,800",2018년 02월,http://www.yes24.com//Product/Goods/58511590?OzSrank=316
316,프로그래밍 언어,파이썬,파이썬 핵심 레퍼런스,102,"15,120",2017년 01월,http://www.yes24.com//Product/Goods/35242117?OzSrank=317
317,네트워크/해킹/보안,보안/해킹,파이썬 오픈소스 도구를 활용한 악성코드 분석,162,"37,800",2016년 08월,http://www.yes24.com//Product/Goods/30369616?OzSrank=318
318,프로그래밍 언어,파이썬,파이썬 해킹프로그래밍,246,"14,000",2015년 09월,http://www.yes24.com//Product/Goods/20471927?OzSrank=319
319,프로그래밍 언어,파이썬,러닝스쿨! 파이썬 교과서,228,"19,800",2019년 03월,http://www.yes24.com//Product/Goods/71029675?OzSrank=320
320,프로그래밍 언어,파이썬,유튜버 주간컴공 지마&참깨의 프리패스 파이썬,192,"16,200",2017년 07월,http://www.yes24.com//Product/Goods/44133115?OzSrank=321
321,프로그래밍 언어,파이썬,이공학을 위한 파이썬 프로그래밍,186,"22,000",2020년 09월,http://www.yes24.com//Product/Goods/93391899?OzSrank=322
322,프로그래밍 언어,파이썬,비공대생을 위한 코딩 첫걸음 with 파이썬,210,"18,000",2020년 03월,http://www.yes24.com//Product/Goods/89785457?OzSrank=323
323,프로그래밍 언어,파이썬,파이썬 프로젝트 Active 개발 가이드,126,"18,000",2020년 09월,http://www.yes24.com//Product/Goods/92419712?OzSrank=324
324,프로그래밍 언어,파이썬,"파이썬 기초의 모든 것, 14개의 코딩 이야기!",102,"10,800",2019년 08월,http://www.yes24.com//Product/Goods/78213057?OzSrank=325
325,프로그래밍 언어,파이썬,Getting Start Python(파이썬)2nd,48,"22,500",2018년 04월,http://www.yes24.com//Product/Goods/59578583?OzSrank=326
326,프로그래밍 언어,파이썬,파이썬 웹 프로그래밍 에센셜 개정판,42,"22,200",2019년 04월,http://www.yes24.com//Product/Goods/72273492?OzSrank=327
327,프로그래밍 언어,파이썬,한 권으로 배우는 파이썬 기초 & 알고리즘 사고법,"1,044","27,000",2021년 02월,http://www.yes24.com//Product/Goods/97584256?OzSrank=328
328,3-4학년,3-4학년 학습,비주얼 코딩 스크래치&파이썬 ,558,"17,820",2018년 07월,http://www.yes24.com//Product/Goods/61975286?OzSrank=329
329,프로그래밍 언어,파이썬,파이썬으로 배우는 영상처리,606,"33,000",2016년 12월,http://www.yes24.com//Product/Goods/34960810?OzSrank=330
330,프로그래밍 언어,파이썬,파이썬으로 배우는 인공지능,270,"36,000",2020년 01월,http://www.yes24.com//Product/Goods/83555436?OzSrank=331
331,프로그래밍 언어,파이썬,파이썬으로 배우는 데이터 과학 2/e ,114,"27,000",2017년 05월,http://www.yes24.com//Product/Goods/39862331?OzSrank=332
332,프로그래밍 언어,파이썬,코어 파이썬 애플리케이션 프로그래밍 Core Python Applications Programming Third Edition,60,"45,000",2017년 12월,http://www.yes24.com//Product/Goods/57237118?OzSrank=333
333,OS/데이터베이스,클라우드/빅데이터,파이썬답게 코딩하기,210,"18,000",2014년 01월,http://www.yes24.com//Product/Goods/11949670?OzSrank=334
334,프로그래밍 언어,파이썬,작심 3일 파이썬 Python,144,"16,200",2018년 04월,http://www.yes24.com//Product/Goods/60493752?OzSrank=335
335,프로그래밍 언어,파이썬,파이썬으로 시작하는 라즈베리파이 3,150,"16,000",2019년 04월,http://www.yes24.com//Product/Goods/72149483?OzSrank=336
336,프로그래밍 언어,파이썬,파이썬으로 배우는 프로그래밍 기초,132,"13,000",2018년 03월,http://www.yes24.com//Product/Goods/59574608?OzSrank=337
337,3-4학년,3-4학년 학습,비주얼 수학 + 비주얼 코딩 스크래치&파이썬 세트,0,"37,440",2016년 08월,http://www.yes24.com//Product/Goods/89464542?OzSrank=338
338,프로그래밍 언어,파이썬,파이썬의 신,60,"24,300",2016년 12월,http://www.yes24.com//Product/Goods/34961592?OzSrank=339
339,프로그래밍 언어,파이썬,파이썬 3로 컴퓨터 비전 다루기,300,"21,600",2016년 12월,http://www.yes24.com//Product/Goods/34569812?OzSrank=340
340,프로그래밍 언어,파이썬,파이썬 프로그래밍 개론,288,"31,500",2018년 01월,http://www.yes24.com//Product/Goods/58094056?OzSrank=341
341,프로그래밍 언어,파이썬,예제로 쉽게 배우는 파이썬 프로그래밍,444,"22,000",2016년 11월,http://www.yes24.com//Product/Goods/33503382?OzSrank=342
342,프로그래밍 언어,파이썬,알고리즘과 파이썬,456,"27,000",2020년 08월,http://www.yes24.com//Product/Goods/92099428?OzSrank=343
343,컴퓨터 공학,자료구조/알고리즘,필수 알고리즘 with 파이썬,414,"14,400",2019년 08월,http://www.yes24.com//Product/Goods/77203392?OzSrank=344
344,프로그래밍 언어,파이썬,파이썬 웹 스크래핑 2/e ,168,"22,500",2018년 10월,http://www.yes24.com//Product/Goods/65050088?OzSrank=345
345,프로그래밍 언어,파이썬,쉽게 배우는 파이썬 with 컴퓨팅 사고력,366,"20,000",2018년 12월,http://www.yes24.com//Product/Goods/67533263?OzSrank=346
346,프로그래밍 언어,파이썬,함수형 파이썬 프로그래밍,198,"27,000",2017년 08월,http://www.yes24.com//Product/Goods/45018659?OzSrank=347
347,프로그래밍 언어,파이썬,차근차근 파이썬 코딩 실습 (기본편),360,"22,500",2017년 02월,http://www.yes24.com//Product/Goods/35868948?OzSrank=348
348,프로그래밍 언어,파이썬,파이썬 입문 A to Z,372,"14,850",2020년 07월,http://www.yes24.com//Product/Goods/91742640?OzSrank=349
349,프로그래밍 언어,파이썬,파이썬 완벽 가이드,96,"34,200",2019년 06월,http://www.yes24.com//Product/Goods/74265336?OzSrank=350
350,프로그래밍 언어,파이썬,파이썬 라이브러리로 배우는 딥러닝 입문과 응용,84,"25,200",2012년 04월,http://www.yes24.com//Product/Goods/6694057?OzSrank=351
351,프로그래밍 언어,파이썬,개발자를 위한 파이썬,204,"18,000",2018년 12월,http://www.yes24.com//Product/Goods/67293302?OzSrank=352
352,프로그래밍 언어,파이썬,유쾌한 파이썬,12,"21,600",2017년 11월,http://www.yes24.com//Product/Goods/55997735?OzSrank=353
353,네트워크/해킹/보안,보안/해킹,파이썬 해킹 프로그래밍,72,"22,500",2015년 11월,http://www.yes24.com//Product/Goods/23203039?OzSrank=354
354,프로그래밍 언어,파이썬,R과 파이썬 머신러닝 어프로치,228,"35,000",2010년 01월,http://www.yes24.com//Product/Goods/3648481?OzSrank=355
355,프로그래밍 언어,파이썬,프로그래밍이 보인다! 파이썬 입문,36,"12,600",2020년 05월,http://www.yes24.com//Product/Goods/90554031?OzSrank=356
356,프로그래밍 언어,파이썬,"파이썬 더 쉽게, 더 깊게",72,"23,400",2015년 09월,http://www.yes24.com//Product/Goods/20256738?OzSrank=357
357,프로그래밍 언어,파이썬,파이썬 터틀 그래픽을 이용한 프로그래밍 코딩,144,"20,000",2014년 09월,http://www.yes24.com//Product/Goods/14422282?OzSrank=358
358,프로그래밍 언어,파이썬,처음 만나는 알고리즘 + 처음 만나는 파이썬,0,"36,900",2017년 09월,http://www.yes24.com//Product/Goods/45542659?OzSrank=359
359,프로그래밍 언어,파이썬,파이썬 입문에서 활용까지 세트,0,"62,550",2017년 04월,http://www.yes24.com//Product/Goods/41733133?OzSrank=360
360,네트워크/해킹/보안,보안/해킹,해커의 언어 파이썬 3 입문,60,"22,500",2018년 03월,http://www.yes24.com//Product/Goods/59435907?OzSrank=361
361,OS/데이터베이스,클라우드/빅데이터,구글로 공부하는 파이썬,150,"37,800",2018년 03월,http://www.yes24.com//Product/Goods/59217554?OzSrank=362
362,프로그래밍 언어,파이썬,파이썬 플레이그라운드,12,"27,000",2018년 03월,http://www.yes24.com//Product/Goods/59066361?OzSrank=363
363,OS/데이터베이스,클라우드/빅데이터,머신 러닝 인 파이썬,12,"24,300",2016년 11월,http://www.yes24.com//Product/Goods/33236405?OzSrank=364
364,프로그래밍 언어,파이썬,파이썬 네트워크 자동화,168,"40,500",2015년 11월,http://www.yes24.com//Product/Goods/23023041?OzSrank=365
365,프로그래밍 언어,파이썬,파이썬 인 프랙티스,144,"25,200",2019년 07월,http://www.yes24.com//Product/Goods/76456160?OzSrank=366
366,프로그래밍 언어,파이썬,코딩 부트캠프 with 파이썬,108,"18,000",2014년 09월,http://www.yes24.com//Product/Goods/14306425?OzSrank=367
367,프로그래밍 언어,파이썬,파이썬 핵심 개발자들과의 인터뷰,132,"16,920",2017년 12월,http://www.yes24.com//Product/Goods/57521036?OzSrank=368
368,프로그래밍 언어,파이썬,알기쉬운 파이썬,96,"23,000",2019년 01월,http://www.yes24.com//Product/Goods/67340568?OzSrank=369
369,OS/데이터베이스,클라우드/빅데이터,머신 러닝 부트캠프 with 파이썬 ,120,"19,800",2018년 05월,http://www.yes24.com//Product/Goods/61268446?OzSrank=370
370,네트워크/해킹/보안,보안/해킹,"해커의 언어, 치명적 파이썬",108,"21,600",2018년 05월,http://www.yes24.com//Product/Goods/60897073?OzSrank=371
371,컴퓨터 입문/활용,어린이 컴퓨터,코딩 클럽 LV3. 제대로 된 파이썬 앱 만들기 ,108,"9,000",2013년 02월,http://www.yes24.com//Product/Goods/8433461?OzSrank=372
372,자연과학 계열,수학,파이썬 활용 산업응용수학의 기본,120,"15,000",2015년 11월,http://www.yes24.com//Product/Goods/22907162?OzSrank=373
373,프로그래밍 언어,파이썬,파이썬 Phython,132,"25,000",2020년 09월,http://www.yes24.com//Product/Goods/91418972?OzSrank=374
374,프로그래밍 언어,파이썬,더 탄탄하게 배우는 파이썬 3,60,"18,000",2020년 02월,http://www.yes24.com//Product/Goods/89417518?OzSrank=375
375,프로그래밍 언어,파이썬,컴맹을 위한 파이썬,90,"10,800",2018년 08월,http://www.yes24.com//Product/Goods/63796161?OzSrank=376
376,프로그래밍 언어,파이썬,손에 잡히는 파이썬,72,"39,600",2018년 07월,http://www.yes24.com//Product/Goods/62163360?OzSrank=377
377,프로그래밍 언어,파이썬,중1수학(상) 파이썬 프로그래밍 ,84,"16,000",2018년 03월,http://www.yes24.com//Product/Goods/59440152?OzSrank=378
378,프로그래밍 언어,파이썬,내가 하는 사물인터넷 프로그래밍 1 라즈베리 파이 파이썬 편,84,"18,000",2017년 03월,http://www.yes24.com//Product/Goods/37960961?OzSrank=379
379,컴퓨터 입문/활용,어린이 컴퓨터,코딩 클럽 LV4. 파이썬 프로그래밍 아트,132,"9,000",2017년 03월,http://www.yes24.com//Product/Goods/37140086?OzSrank=380
380,프로그래밍 언어,파이썬,하루에 쪼갠다 파이썬,132,"9,800",2016년 10월,http://www.yes24.com//Product/Goods/32452780?OzSrank=381
381,프로그래밍 언어,파이썬,딱 하루에 끝내는 파이썬 핵심기초,144,"12,700",2020년 08월,http://www.yes24.com//Product/Goods/92137631?OzSrank=382
382,프로그래밍 언어,파이썬,실전 파이썬 프로그래밍,60,"15,300",2020년 05월,http://www.yes24.com//Product/Goods/90397604?OzSrank=383
383,프로그래밍 언어,파이썬,토닥토닥 파이썬 기초편,72,"22,500",2014년 12월,http://www.yes24.com//Product/Goods/15418826?OzSrank=384
384,프로그래밍 언어,파이썬,파이썬 프로그램,36,"25,000",2019년 04월,http://www.yes24.com//Product/Goods/74400855?OzSrank=385
385,프로그래밍 언어,파이썬,처음 시작하는 파이썬 코딩,12,"14,400",2018년 12월,http://www.yes24.com//Product/Goods/68283531?OzSrank=386
386,공학계열,컴퓨터공학,실습을 통해 쉽게 배우는 파이썬,0,"19,000",2017년 07월,http://www.yes24.com//Product/Goods/44135465?OzSrank=387
387,공학계열,컴퓨터공학,입문에서 실무까지 완벽 정리 파이썬,12,"24,000",2018년 03월,http://www.yes24.com//Product/Goods/61270479?OzSrank=388
388,프로그래밍 언어,파이썬,컴퓨팅 사고력을 키워주는 파이썬 프로그래밍 ,12,"18,000",2018년 03월,http://www.yes24.com//Product/Goods/61261372?OzSrank=389
389,프로그래밍 언어,파이썬,파파와 파이썬 ,0,"21,600",2017년 12월,http://www.yes24.com//Product/Goods/61260649?OzSrank=390
390,프로그래밍 언어,파이썬,초간단 파이썬 입문서,72,"9,200",2018년 02월,http://www.yes24.com//Product/Goods/58667541?OzSrank=391
391,프로그래밍 언어,파이썬,25시간만에 배우는 머신러닝 예제 : 파이썬 활용,36,"15,000",2017년 02월,http://www.yes24.com//Product/Goods/37204380?OzSrank=392
392,컴퓨터 공학,컴퓨터 교육,파이썬 데이터계산 행렬수학,0,"29,000",2018년 01월,http://www.yes24.com//Product/Goods/57920708?OzSrank=393
393,프로그래밍 언어,파이썬,진짜 쉽고 쓸모 있는 언어 파이썬 ,12,"24,300",2020년 12월,http://www.yes24.com//Product/Goods/97684725?OzSrank=394
394,프로그래밍 언어,파이썬,시작북 파이썬,72,"11,000",2016년 10월,http://www.yes24.com//Product/Goods/32692605?OzSrank=395
395,프로그래밍 언어,파이썬,백박스 기반의 파이썬 2.7,12,"22,500",2020년 12월,http://www.yes24.com//Product/Goods/96581749?OzSrank=396
396,프로그래밍 언어,파이썬,파이썬 프로그래밍,36,"25,200",2016년 09월,http://www.yes24.com//Product/Goods/32280914?OzSrank=397
397,공학계열,컴퓨터공학,파이썬 프로그래밍,0,"23,000",2016년 07월,http://www.yes24.com//Product/Goods/29652084?OzSrank=398
398,프로그래밍 언어,파이썬,파이썬 기반의 natural 컴퓨팅,24,"33,000",2016년 03월,http://www.yes24.com//Product/Goods/24809982?OzSrank=399
399,프로그래밍 언어,파이썬,과학적 컴퓨팅을 위한 파이썬,0,"25,000",2020년 05월,http://www.yes24.com//Product/Goods/90179726?OzSrank=400
